secid,date,cp_flag,index_flag,ticker,volume,open_interest
107525,20120904,,0,MSFT,348895,3145270
107525,20120904,C,0,MSFT,143077,1844740
107525,20120904,P,0,MSFT,205818,1300530
107525,20120905,,0,MSFT,76513,3344092
107525,20120905,C,0,MSFT,48317,1915380
107525,20120905,P,0,MSFT,28196,1428712
107525,20120906,,0,MSFT,177809,3357307
107525,20120906,C,0,MSFT,119090,1921130
107525,20120906,P,0,MSFT,58719,1436177
107525,20120907,,0,MSFT,142581,3405243
107525,20120907,C,0,MSFT,104143,1951303
107525,20120907,P,0,MSFT,38438,1453940
107525,20120910,,0,MSFT,129903,3438700
107525,20120910,C,0,MSFT,82366,1977958
107525,20120910,P,0,MSFT,47537,1460742
107525,20120911,,0,MSFT,160412,3466630
107525,20120911,C,0,MSFT,90842,1997211
107525,20120911,P,0,MSFT,69570,1469419
107525,20120912,,0,MSFT,87944,3568366
107525,20120912,C,0,MSFT,66669,2057470
107525,20120912,P,0,MSFT,21275,1510896
107525,20120913,,0,MSFT,130062,3582041
107525,20120913,C,0,MSFT,75553,2069461
107525,20120913,P,0,MSFT,54509,1512580
107525,20120914,,0,MSFT,141369,3614126
107525,20120914,C,0,MSFT,80674,2083655
107525,20120914,P,0,MSFT,60695,1530471
107525,20120917,,0,MSFT,88610,3642783
107525,20120917,C,0,MSFT,30748,2107386
107525,20120917,P,0,MSFT,57862,1535397
107525,20120918,,0,MSFT,71425,3657402
107525,20120918,C,0,MSFT,54074,2110325
107525,20120918,P,0,MSFT,17351,1547077
107525,20120919,,0,MSFT,64397,3692519
107525,20120919,C,0,MSFT,33392,2143652
107525,20120919,P,0,MSFT,31005,1548867
107525,20120920,,0,MSFT,112958,3701749
107525,20120920,C,0,MSFT,82674,2149715
107525,20120920,P,0,MSFT,30284,1552034
107525,20120921,,0,MSFT,118421,3698039
107525,20120921,C,0,MSFT,76389,2154381
107525,20120921,P,0,MSFT,42032,1543658
107525,20120924,,0,MSFT,139843,3420068
107525,20120924,C,0,MSFT,78192,2014707
107525,20120924,P,0,MSFT,61651,1405361
107525,20120925,,0,MSFT,142006,3466968
107525,20120925,C,0,MSFT,63062,2038557
107525,20120925,P,0,MSFT,78944,1428411
107525,20120926,,0,MSFT,155076,3509965
107525,20120926,C,0,MSFT,98006,2059579
107525,20120926,P,0,MSFT,57070,1450386
107525,20120927,,0,MSFT,124648,3582834
107525,20120927,C,0,MSFT,79953,2108610
107525,20120927,P,0,MSFT,44695,1474224
107525,20120928,,0,MSFT,235792,3625884
107525,20120928,C,0,MSFT,118145,2136762
107525,20120928,P,0,MSFT,117647,1489122
107525,20121001,,0,MSFT,285062,3662206
107525,20121001,C,0,MSFT,93710,2152244
107525,20121001,P,0,MSFT,191352,1509962
107525,20121002,,0,MSFT,400411,3682890
107525,20121002,C,0,MSFT,331844,2196396
107525,20121002,P,0,MSFT,68567,1486494
107525,20121003,,0,MSFT,177918,3743431
107525,20121003,C,0,MSFT,84939,2237967
107525,20121003,P,0,MSFT,92979,1505464
107525,20121004,,0,MSFT,170204,3811452
107525,20121004,C,0,MSFT,74614,2266260
107525,20121004,P,0,MSFT,95590,1545192
107525,20121005,,0,MSFT,161341,3876400
107525,20121005,C,0,MSFT,59612,2278733
107525,20121005,P,0,MSFT,101729,1597667
107525,20121008,,0,MSFT,99454,3898840
107525,20121008,C,0,MSFT,66293,2273766
107525,20121008,P,0,MSFT,33161,1625074
107525,20121009,,0,MSFT,191455,3923923
107525,20121009,C,0,MSFT,123266,2286527
107525,20121009,P,0,MSFT,68189,1637396
107525,20121010,,0,MSFT,217274,3951624
107525,20121010,C,0,MSFT,142227,2307948
107525,20121010,P,0,MSFT,75047,1643676
107525,20121011,,0,MSFT,148161,3955770
107525,20121011,C,0,MSFT,81132,2326039
107525,20121011,P,0,MSFT,67029,1629731
107525,20121012,,0,MSFT,122817,4004357
107525,20121012,C,0,MSFT,79622,2357432
107525,20121012,P,0,MSFT,43195,1646925
107525,20121015,,0,MSFT,142462,4008530
107525,20121015,C,0,MSFT,81375,2368798
107525,20121015,P,0,MSFT,61087,1639732
107525,20121016,,0,MSFT,112541,4061561
107525,20121016,C,0,MSFT,75806,2397671
107525,20121016,P,0,MSFT,36735,1663890
107525,20121017,,0,MSFT,165781,4081490
107525,20121017,C,0,MSFT,84144,2424220
107525,20121017,P,0,MSFT,81637,1657270
107525,20121018,,0,MSFT,414711,4096140
107525,20121018,C,0,MSFT,217247,2431794
107525,20121018,P,0,MSFT,197464,1664346
107525,20121019,,0,MSFT,429836,4227683
107525,20121019,C,0,MSFT,206523,2502994
107525,20121019,P,0,MSFT,223313,1724689
107525,20121022,,0,MSFT,375311,3578535
107525,20121022,C,0,MSFT,215642,2125725
107525,20121022,P,0,MSFT,159669,1452810
107525,20121023,,0,MSFT,177555,3727186
107525,20121023,C,0,MSFT,122184,2217460
107525,20121023,P,0,MSFT,55371,1509726
107525,20121024,,0,MSFT,111715,3791349
107525,20121024,C,0,MSFT,56679,2263311
107525,20121024,P,0,MSFT,55036,1528038
107525,20121025,,0,MSFT,131793,3820493
107525,20121025,C,0,MSFT,91474,2277527
107525,20121025,P,0,MSFT,40319,1542966
107525,20121026,,0,MSFT,148370,3869598
107525,20121026,C,0,MSFT,95213,2317170
107525,20121026,P,0,MSFT,53157,1552428
107525,20121031,,0,MSFT,116137,3826613
107525,20121031,C,0,MSFT,72177,2304008
107525,20121031,P,0,MSFT,43960,1522605
107525,20121101,,0,MSFT,224917,3868296
107525,20121101,C,0,MSFT,148363,2329613
107525,20121101,P,0,MSFT,76554,1538683
107525,20121102,,0,MSFT,225931,3908070
107525,20121102,C,0,MSFT,133922,2358098
107525,20121102,P,0,MSFT,92009,1549972
107525,20121105,,0,MSFT,109925,3959952
107525,20121105,C,0,MSFT,50514,2386852
107525,20121105,P,0,MSFT,59411,1573100
107525,20121106,,0,MSFT,193645,3990551
107525,20121106,C,0,MSFT,120812,2395524
107525,20121106,P,0,MSFT,72833,1595027
107525,20121107,,0,MSFT,180115,4023581
107525,20121107,C,0,MSFT,90858,2412489
107525,20121107,P,0,MSFT,89257,1611092
107525,20121108,,0,MSFT,120012,4066103
107525,20121108,C,0,MSFT,66886,2424265
107525,20121108,P,0,MSFT,53126,1641838
107525,20121109,,0,MSFT,116116,4083929
107525,20121109,C,0,MSFT,78729,2429508
107525,20121109,P,0,MSFT,37387,1654421
107525,20121112,,0,MSFT,1290260,4049872
107525,20121112,C,0,MSFT,1221180,2415814
107525,20121112,P,0,MSFT,69080,1634058
107525,20121113,,0,MSFT,606114,4077806
107525,20121113,C,0,MSFT,378006,2421626
107525,20121113,P,0,MSFT,228108,1656180
107525,20121114,,0,MSFT,151738,4096703
107525,20121114,C,0,MSFT,74137,2442214
107525,20121114,P,0,MSFT,77601,1654489
107525,20121115,,0,MSFT,131810,4124715
107525,20121115,C,0,MSFT,67484,2449747
107525,20121115,P,0,MSFT,64326,1674968
107525,20121116,,0,MSFT,208479,4145481
107525,20121116,C,0,MSFT,90668,2466337
107525,20121116,P,0,MSFT,117811,1679144
107525,20121119,,0,MSFT,170069,3679417
107525,20121119,C,0,MSFT,135269,2169988
107525,20121119,P,0,MSFT,34800,1509429
107525,20121120,,0,MSFT,105550,3726298
107525,20121120,C,0,MSFT,62855,2217084
107525,20121120,P,0,MSFT,42695,1509214
107525,20121121,,0,MSFT,189628,3741702
107525,20121121,C,0,MSFT,133640,2217108
107525,20121121,P,0,MSFT,55988,1524594
107525,20121123,,0,MSFT,120453,3783375
107525,20121123,C,0,MSFT,73775,2245732
107525,20121123,P,0,MSFT,46678,1537643
107525,20121126,,0,MSFT,90130,3782796
107525,20121126,C,0,MSFT,58837,2244164
107525,20121126,P,0,MSFT,31293,1538632
107525,20121127,,0,MSFT,131159,3782105
107525,20121127,C,0,MSFT,68603,2229152
107525,20121127,P,0,MSFT,62556,1552953
107525,20121128,,0,MSFT,113997,3825302
107525,20121128,C,0,MSFT,69617,2259410
107525,20121128,P,0,MSFT,44380,1565892
107525,20121129,,0,MSFT,265302,3834768
107525,20121129,C,0,MSFT,98985,2274219
107525,20121129,P,0,MSFT,166317,1560549
107525,20121130,,0,MSFT,211825,3915833
107525,20121130,C,0,MSFT,115030,2300291
107525,20121130,P,0,MSFT,96795,1615542
107525,20121203,,0,MSFT,185192,3918195
107525,20121203,C,0,MSFT,135137,2308975
107525,20121203,P,0,MSFT,50055,1609220
107525,20121204,,0,MSFT,138992,3936719
107525,20121204,C,0,MSFT,66598,2321257
107525,20121204,P,0,MSFT,72394,1615462
107525,20121205,,0,MSFT,149034,3949312
107525,20121205,C,0,MSFT,110991,2338423
107525,20121205,P,0,MSFT,38043,1610889
107525,20121206,,0,MSFT,83416,3957614
107525,20121206,C,0,MSFT,43412,2355517
107525,20121206,P,0,MSFT,40004,1602097
107525,20121207,,0,MSFT,90842,3961367
107525,20121207,C,0,MSFT,55012,2358909
107525,20121207,P,0,MSFT,35830,1602458
107525,20121210,,0,MSFT,206465,3941673
107525,20121210,C,0,MSFT,155438,2344729
107525,20121210,P,0,MSFT,51027,1596944
107525,20121211,,0,MSFT,145441,3973596
107525,20121211,C,0,MSFT,86652,2364697
107525,20121211,P,0,MSFT,58789,1608899
107525,20121212,,0,MSFT,86915,3984930
107525,20121212,C,0,MSFT,66597,2372286
107525,20121212,P,0,MSFT,20318,1612644
107525,20121213,,0,MSFT,106141,3993074
107525,20121213,C,0,MSFT,74170,2375152
107525,20121213,P,0,MSFT,31971,1617922
107525,20121214,,0,MSFT,50767,4034520
107525,20121214,C,0,MSFT,33981,2410398
107525,20121214,P,0,MSFT,16786,1624122
107525,20121217,,0,MSFT,109566,4012283
107525,20121217,C,0,MSFT,71425,2399463
107525,20121217,P,0,MSFT,38141,1612820
107525,20121218,,0,MSFT,223503,4039307
107525,20121218,C,0,MSFT,190589,2421359
107525,20121218,P,0,MSFT,32914,1617948
107525,20121219,,0,MSFT,129753,4154266
107525,20121219,C,0,MSFT,102796,2541304
107525,20121219,P,0,MSFT,26957,1612962
107525,20121220,,0,MSFT,104059,4180317
107525,20121220,C,0,MSFT,73427,2564566
107525,20121220,P,0,MSFT,30632,1615751
107525,20121221,,0,MSFT,167519,4197372
107525,20121221,C,0,MSFT,90599,2576551
107525,20121221,P,0,MSFT,76920,1620821
107525,20121224,,0,MSFT,90881,3693320
107525,20121224,C,0,MSFT,54168,2201401
107525,20121224,P,0,MSFT,36713,1491919
107525,20121226,,0,MSFT,119088,3722269
107525,20121226,C,0,MSFT,70732,2220189
107525,20121226,P,0,MSFT,48356,1502080
107525,20121227,,0,MSFT,119916,3755860
107525,20121227,C,0,MSFT,76546,2241351
107525,20121227,P,0,MSFT,43370,1514509
107525,20121228,,0,MSFT,106385,3797175
107525,20121228,C,0,MSFT,58615,2269537
107525,20121228,P,0,MSFT,47770,1527638
107525,20121231,,0,MSFT,99227,3797757
107525,20121231,C,0,MSFT,57915,2264080
107525,20121231,P,0,MSFT,41312,1533677
107525,20130102,,0,MSFT,140905,3810881
107525,20130102,C,0,MSFT,96386,2271922
107525,20130102,P,0,MSFT,44519,1538959
107525,20130103,,0,MSFT,143580,3830689
107525,20130103,C,0,MSFT,82040,2283848
107525,20130103,P,0,MSFT,61540,1546841
107525,20130104,,0,MSFT,176004,3866607
107525,20130104,C,0,MSFT,112303,2309680
107525,20130104,P,0,MSFT,63701,1556927
107525,20130107,,0,MSFT,82761,3892276
107525,20130107,C,0,MSFT,54828,2331592
107525,20130107,P,0,MSFT,27933,1560684
107525,20130108,,0,MSFT,144258,3924496
107525,20130108,C,0,MSFT,74141,2354798
107525,20130108,P,0,MSFT,70117,1569698
107525,20130109,,0,MSFT,95577,3999655
107525,20130109,C,0,MSFT,46789,2393415
107525,20130109,P,0,MSFT,48788,1606240
107525,20130110,,0,MSFT,187275,4015525
107525,20130110,C,0,MSFT,107233,2408642
107525,20130110,P,0,MSFT,80042,1606883
107525,20130111,,0,MSFT,158519,4064647
107525,20130111,C,0,MSFT,72782,2439963
107525,20130111,P,0,MSFT,85737,1624684
107525,20130114,,0,MSFT,129835,4041249
107525,20130114,C,0,MSFT,94700,2433114
107525,20130114,P,0,MSFT,35135,1608135
107525,20130115,,0,MSFT,197842,4073473
107525,20130115,C,0,MSFT,150026,2459728
107525,20130115,P,0,MSFT,47816,1613745
107525,20130116,,0,MSFT,120334,4110166
107525,20130116,C,0,MSFT,48532,2487164
107525,20130116,P,0,MSFT,71802,1623002
107525,20130117,,0,MSFT,156517,4141603
107525,20130117,C,0,MSFT,92809,2494348
107525,20130117,P,0,MSFT,63708,1647255
107525,20130118,,0,MSFT,154819,4181001
107525,20130118,C,0,MSFT,107786,2508140
107525,20130118,P,0,MSFT,47033,1672861
107525,20130122,,0,MSFT,167506,2261153
107525,20130122,C,0,MSFT,97117,1445097
107525,20130122,P,0,MSFT,70389,816056
107525,20130123,,0,MSFT,145759,2354435
107525,20130123,C,0,MSFT,99994,1499178
107525,20130123,P,0,MSFT,45765,855257
107525,20130124,,0,MSFT,598043,2399829
107525,20130124,C,0,MSFT,351459,1539650
107525,20130124,P,0,MSFT,246584,860179
107525,20130125,,0,MSFT,375578,2679262
107525,20130125,C,0,MSFT,220677,1683798
107525,20130125,P,0,MSFT,154901,995464
107525,20130128,,0,MSFT,199676,2591076
107525,20130128,C,0,MSFT,126345,1637687
107525,20130128,P,0,MSFT,73331,953389
107525,20130129,,0,MSFT,127111,2647491
107525,20130129,C,0,MSFT,70200,1677088
107525,20130129,P,0,MSFT,56911,970403
107525,20130130,,0,MSFT,78877,2687185
107525,20130130,C,0,MSFT,38673,1698753
107525,20130130,P,0,MSFT,40204,988432
107525,20130131,,0,MSFT,118553,2716789
107525,20130131,C,0,MSFT,61178,1707443
107525,20130131,P,0,MSFT,57375,1009346
107525,20130201,,0,MSFT,111588,2754504
107525,20130201,C,0,MSFT,70310,1726720
107525,20130201,P,0,MSFT,41278,1027784
107525,20130204,,0,MSFT,106415,2745541
107525,20130204,C,0,MSFT,52902,1717103
107525,20130204,P,0,MSFT,53513,1028438
107525,20130205,,0,MSFT,81980,2779934
107525,20130205,C,0,MSFT,53970,1737997
107525,20130205,P,0,MSFT,28010,1041937
107525,20130206,,0,MSFT,78914,2812108
107525,20130206,C,0,MSFT,49001,1764025
107525,20130206,P,0,MSFT,29913,1048083
107525,20130207,,0,MSFT,91577,2829795
107525,20130207,C,0,MSFT,62349,1775495
107525,20130207,P,0,MSFT,29228,1054300
107525,20130208,,0,MSFT,97825,2868639
107525,20130208,C,0,MSFT,67732,1803281
107525,20130208,P,0,MSFT,30093,1065358
107525,20130211,,0,MSFT,90323,2875597
107525,20130211,C,0,MSFT,66304,1814589
107525,20130211,P,0,MSFT,24019,1061008
107525,20130212,,0,MSFT,100340,2906988
107525,20130212,C,0,MSFT,67257,1837404
107525,20130212,P,0,MSFT,33083,1069584
107525,20130213,,0,MSFT,127792,2942861
107525,20130213,C,0,MSFT,81414,1866640
107525,20130213,P,0,MSFT,46378,1076221
107525,20130214,,0,MSFT,84377,2939456
107525,20130214,C,0,MSFT,53812,1884417
107525,20130214,P,0,MSFT,30565,1055039
107525,20130215,,0,MSFT,900406,2954714
107525,20130215,C,0,MSFT,849861,1889005
107525,20130215,P,0,MSFT,50545,1065709
107525,20130219,,0,MSFT,98760,2630478
107525,20130219,C,0,MSFT,68479,1685127
107525,20130219,P,0,MSFT,30281,945351
107525,20130220,,0,MSFT,118788,2668566
107525,20130220,C,0,MSFT,69434,1711668
107525,20130220,P,0,MSFT,49354,956898
107525,20130221,,0,MSFT,112373,2712832
107525,20130221,C,0,MSFT,66035,1741953
107525,20130221,P,0,MSFT,46338,970879
107525,20130222,,0,MSFT,90537,2734567
107525,20130222,C,0,MSFT,52755,1759413
107525,20130222,P,0,MSFT,37782,975154
107525,20130225,,0,MSFT,113849,2723175
107525,20130225,C,0,MSFT,60968,1765634
107525,20130225,P,0,MSFT,52881,957541
107525,20130226,,0,MSFT,56406,2758593
107525,20130226,C,0,MSFT,35050,1782269
107525,20130226,P,0,MSFT,21356,976324
107525,20130227,,0,MSFT,112732,2771279
107525,20130227,C,0,MSFT,80720,1791171
107525,20130227,P,0,MSFT,32012,980108
107525,20130228,,0,MSFT,63909,2805552
107525,20130228,C,0,MSFT,39505,1814853
107525,20130228,P,0,MSFT,24404,990699
107525,20130301,,0,MSFT,114009,2812470
107525,20130301,C,0,MSFT,82047,1819718
107525,20130301,P,0,MSFT,31962,992752
107525,20130304,,0,MSFT,115592,2822381
107525,20130304,C,0,MSFT,75956,1830352
107525,20130304,P,0,MSFT,39636,992029
107525,20130305,,0,MSFT,151167,2872816
107525,20130305,C,0,MSFT,98493,1862040
107525,20130305,P,0,MSFT,52674,1010776
107525,20130306,,0,MSFT,102379,2892652
107525,20130306,C,0,MSFT,68573,1865856
107525,20130306,P,0,MSFT,33806,1026796
107525,20130307,,0,MSFT,50331,2902824
107525,20130307,C,0,MSFT,32283,1865126
107525,20130307,P,0,MSFT,18048,1037698
107525,20130308,,0,MSFT,73130,2920645
107525,20130308,C,0,MSFT,36441,1875737
107525,20130308,P,0,MSFT,36689,1044908
107525,20130311,,0,MSFT,71943,2895681
107525,20130311,C,0,MSFT,40903,1858617
107525,20130311,P,0,MSFT,31040,1037064
107525,20130312,,0,MSFT,70593,2918416
107525,20130312,C,0,MSFT,46839,1867125
107525,20130312,P,0,MSFT,23754,1051291
107525,20130313,,0,MSFT,80633,2936145
107525,20130313,C,0,MSFT,59204,1882118
107525,20130313,P,0,MSFT,21429,1054027
107525,20130314,,0,MSFT,79533,2945435
107525,20130314,C,0,MSFT,57014,1899031
107525,20130314,P,0,MSFT,22519,1046404
107525,20130315,,0,MSFT,116256,2965858
107525,20130315,C,0,MSFT,81255,1913107
107525,20130315,P,0,MSFT,35001,1052751
107525,20130318,,0,MSFT,84126,2626107
107525,20130318,C,0,MSFT,55184,1715031
107525,20130318,P,0,MSFT,28942,911076
107525,20130319,,0,MSFT,109497,2666473
107525,20130319,C,0,MSFT,78560,1743369
107525,20130319,P,0,MSFT,30937,923104
107525,20130320,,0,MSFT,72618,2726124
107525,20130320,C,0,MSFT,40327,1791846
107525,20130320,P,0,MSFT,32291,934278
107525,20130321,,0,MSFT,86059,2752585
107525,20130321,C,0,MSFT,32657,1803497
107525,20130321,P,0,MSFT,53402,949088
107525,20130322,,0,MSFT,69616,2769011
107525,20130322,C,0,MSFT,46103,1811618
107525,20130322,P,0,MSFT,23513,957393
107525,20130325,,0,MSFT,52742,2750006
107525,20130325,C,0,MSFT,24184,1809260
107525,20130325,P,0,MSFT,28558,940746
107525,20130326,,0,MSFT,30373,2767352
107525,20130326,C,0,MSFT,18763,1816530
107525,20130326,P,0,MSFT,11610,950822
107525,20130327,,0,MSFT,48859,2780516
107525,20130327,C,0,MSFT,27826,1826794
107525,20130327,P,0,MSFT,21033,953722
107525,20130328,,0,MSFT,75202,2789959
107525,20130328,C,0,MSFT,50917,1835132
107525,20130328,P,0,MSFT,24285,954827
107525,20130401,,0,MSFT,61682,2790372
107525,20130401,C,0,MSFT,41381,1839127
107525,20130401,P,0,MSFT,20301,951245
107525,20130402,,0,MSFT,71130,2816616
107525,20130402,C,0,MSFT,34054,1858403
107525,20130402,P,0,MSFT,37076,958213
107525,20130403,,0,MSFT,79422,2835985
107525,20130403,C,0,MSFT,34600,1864100
107525,20130403,P,0,MSFT,44822,971885
107525,20130404,,0,MSFT,54269,2857936
107525,20130404,C,0,MSFT,28509,1866595
107525,20130404,P,0,MSFT,25760,991341
107525,20130405,,0,MSFT,66064,2877098
107525,20130405,C,0,MSFT,42370,1877440
107525,20130405,P,0,MSFT,23694,999658
107525,20130408,,0,MSFT,67956,2862445
107525,20130408,C,0,MSFT,25946,1869130
107525,20130408,P,0,MSFT,42010,993315
107525,20130409,,0,MSFT,318402,2873108
107525,20130409,C,0,MSFT,216490,1874068
107525,20130409,P,0,MSFT,101912,999040
107525,20130410,,0,MSFT,532666,2976924
107525,20130410,C,0,MSFT,299524,1921772
107525,20130410,P,0,MSFT,233142,1055152
107525,20130411,,0,MSFT,419282,3176275
107525,20130411,C,0,MSFT,158540,1994249
107525,20130411,P,0,MSFT,260742,1182026
107525,20130412,,0,MSFT,173187,3300988
107525,20130412,C,0,MSFT,113965,2027761
107525,20130412,P,0,MSFT,59222,1273227
107525,20130415,,0,MSFT,82856,3220963
107525,20130415,C,0,MSFT,48269,2018852
107525,20130415,P,0,MSFT,34587,1202111
107525,20130416,,0,MSFT,189016,3212938
107525,20130416,C,0,MSFT,124023,2004108
107525,20130416,P,0,MSFT,64993,1208830
107525,20130417,,0,MSFT,224881,3273604
107525,20130417,C,0,MSFT,61486,2028693
107525,20130417,P,0,MSFT,163395,1244911
107525,20130418,,0,MSFT,322596,3256696
107525,20130418,C,0,MSFT,174923,2036640
107525,20130418,P,0,MSFT,147673,1220056
107525,20130419,,0,MSFT,383516,3333389
107525,20130419,C,0,MSFT,274469,2080362
107525,20130419,P,0,MSFT,109047,1253027
107525,20130422,,0,MSFT,399915,2522736
107525,20130422,C,0,MSFT,284806,1628937
107525,20130422,P,0,MSFT,115109,893799
107525,20130423,,0,MSFT,168392,2660313
107525,20130423,C,0,MSFT,107135,1729190
107525,20130423,P,0,MSFT,61257,931123
107525,20130424,,0,MSFT,311349,2720683
107525,20130424,C,0,MSFT,216375,1774730
107525,20130424,P,0,MSFT,94974,945953
107525,20130425,,0,MSFT,656973,2817240
107525,20130425,C,0,MSFT,443086,1848403
107525,20130425,P,0,MSFT,213887,968837
107525,20130426,,0,MSFT,138947,3108894
107525,20130426,C,0,MSFT,74309,2052087
107525,20130426,P,0,MSFT,64638,1056807
107525,20130429,,0,MSFT,197493,3016348
107525,20130429,C,0,MSFT,157528,1997165
107525,20130429,P,0,MSFT,39965,1019183
107525,20130430,,0,MSFT,266584,3106049
107525,20130430,C,0,MSFT,175087,2072032
107525,20130430,P,0,MSFT,91497,1034017
107525,20130501,,0,MSFT,323679,3195929
107525,20130501,C,0,MSFT,260542,2109660
107525,20130501,P,0,MSFT,63137,1086269
107525,20130502,,0,MSFT,98973,3267849
107525,20130502,C,0,MSFT,55285,2162709
107525,20130502,P,0,MSFT,43688,1105140
107525,20130503,,0,MSFT,170005,3278265
107525,20130503,C,0,MSFT,114513,2173611
107525,20130503,P,0,MSFT,55492,1104654
107525,20130506,,0,MSFT,154525,3273715
107525,20130506,C,0,MSFT,94334,2180278
107525,20130506,P,0,MSFT,60191,1093437
107525,20130507,,0,MSFT,126865,3328216
107525,20130507,C,0,MSFT,57755,2199797
107525,20130507,P,0,MSFT,69110,1128419
107525,20130508,,0,MSFT,145135,3386282
107525,20130508,C,0,MSFT,96853,2217767
107525,20130508,P,0,MSFT,48282,1168515
107525,20130509,,0,MSFT,141066,3442698
107525,20130509,C,0,MSFT,70790,2257978
107525,20130509,P,0,MSFT,70276,1184720
107525,20130510,,0,MSFT,140576,3485393
107525,20130510,C,0,MSFT,92197,2281894
107525,20130510,P,0,MSFT,48379,1203499
107525,20130513,,0,MSFT,2713170,3492759
107525,20130513,C,0,MSFT,2670401,2293455
107525,20130513,P,0,MSFT,42769,1199304
107525,20130514,,0,MSFT,142747,3196123
107525,20130514,C,0,MSFT,78004,1984053
107525,20130514,P,0,MSFT,64743,1212070
107525,20130515,,0,MSFT,97093,3232181
107525,20130515,C,0,MSFT,53697,1998628
107525,20130515,P,0,MSFT,43396,1233553
107525,20130516,,0,MSFT,173395,3214103
107525,20130516,C,0,MSFT,117576,1979655
107525,20130516,P,0,MSFT,55819,1234448
107525,20130517,,0,MSFT,184215,3279507
107525,20130517,C,0,MSFT,113281,2017819
107525,20130517,P,0,MSFT,70934,1261688
107525,20130520,,0,MSFT,185886,2957564
107525,20130520,C,0,MSFT,121124,1878381
107525,20130520,P,0,MSFT,64762,1079183
107525,20130521,,0,MSFT,103808,3053514
107525,20130521,C,0,MSFT,65731,1950495
107525,20130521,P,0,MSFT,38077,1103019
107525,20130522,,0,MSFT,101737,3054070
107525,20130522,C,0,MSFT,51623,1936765
107525,20130522,P,0,MSFT,50114,1117305
107525,20130523,,0,MSFT,121232,3076297
107525,20130523,C,0,MSFT,54212,1944087
107525,20130523,P,0,MSFT,67020,1132210
107525,20130524,,0,MSFT,59972,3117151
107525,20130524,C,0,MSFT,23052,1966406
107525,20130524,P,0,MSFT,36920,1150745
107525,20130528,,0,MSFT,114576,3104450
107525,20130528,C,0,MSFT,73341,1950599
107525,20130528,P,0,MSFT,41235,1153851
107525,20130529,,0,MSFT,63173,3144451
107525,20130529,C,0,MSFT,44515,1973973
107525,20130529,P,0,MSFT,18658,1170478
107525,20130530,,0,MSFT,106643,3148562
107525,20130530,C,0,MSFT,81692,1974854
107525,20130530,P,0,MSFT,24951,1173708
107525,20130531,,0,MSFT,185201,3186811
107525,20130531,C,0,MSFT,77286,2005055
107525,20130531,P,0,MSFT,107915,1181756
107525,20130603,,0,MSFT,187509,3208887
107525,20130603,C,0,MSFT,142086,2013664
107525,20130603,P,0,MSFT,45423,1195223
107525,20130604,,0,MSFT,140095,3268139
107525,20130604,C,0,MSFT,78175,2055414
107525,20130604,P,0,MSFT,61920,1212725
107525,20130605,,0,MSFT,113525,3258876
107525,20130605,C,0,MSFT,65818,2029901
107525,20130605,P,0,MSFT,47707,1228975
107525,20130606,,0,MSFT,90189,3286304
107525,20130606,C,0,MSFT,42163,2040896
107525,20130606,P,0,MSFT,48026,1245408
107525,20130607,,0,MSFT,163879,3314479
107525,20130607,C,0,MSFT,94226,2045004
107525,20130607,P,0,MSFT,69653,1269475
107525,20130610,,0,MSFT,69046,3294228
107525,20130610,C,0,MSFT,31638,2017881
107525,20130610,P,0,MSFT,37408,1276347
107525,20130611,,0,MSFT,97178,3321853
107525,20130611,C,0,MSFT,58381,2028151
107525,20130611,P,0,MSFT,38797,1293702
107525,20130612,,0,MSFT,156340,3345779
107525,20130612,C,0,MSFT,119189,2049537
107525,20130612,P,0,MSFT,37151,1296242
107525,20130613,,0,MSFT,103123,3321307
107525,20130613,C,0,MSFT,44336,2010478
107525,20130613,P,0,MSFT,58787,1310829
107525,20130614,,0,MSFT,127303,3340049
107525,20130614,C,0,MSFT,60961,2012897
107525,20130614,P,0,MSFT,66342,1327152
107525,20130617,,0,MSFT,115248,3341102
107525,20130617,C,0,MSFT,72759,1998447
107525,20130617,P,0,MSFT,42489,1342655
107525,20130618,,0,MSFT,194574,3370991
107525,20130618,C,0,MSFT,147769,2013176
107525,20130618,P,0,MSFT,46805,1357815
107525,20130619,,0,MSFT,75220,3398824
107525,20130619,C,0,MSFT,46413,2030365
107525,20130619,P,0,MSFT,28807,1368459
107525,20130620,,0,MSFT,158006,3388521
107525,20130620,C,0,MSFT,80539,2020528
107525,20130620,P,0,MSFT,77467,1367993
107525,20130621,,0,MSFT,184974,3403500
107525,20130621,C,0,MSFT,94849,2018078
107525,20130621,P,0,MSFT,90125,1385422
107525,20130624,,0,MSFT,132499,2674565
107525,20130624,C,0,MSFT,79157,1654457
107525,20130624,P,0,MSFT,53342,1020108
107525,20130625,,0,MSFT,98736,2706821
107525,20130625,C,0,MSFT,46490,1667814
107525,20130625,P,0,MSFT,52246,1039007
107525,20130626,,0,MSFT,93800,2728860
107525,20130626,C,0,MSFT,71627,1678358
107525,20130626,P,0,MSFT,22173,1050502
107525,20130627,,0,MSFT,90227,2747070
107525,20130627,C,0,MSFT,47165,1691865
107525,20130627,P,0,MSFT,43062,1055205
107525,20130628,,0,MSFT,46997,2791346
107525,20130628,C,0,MSFT,28246,1709572
107525,20130628,P,0,MSFT,18751,1081774
107525,20130701,,0,MSFT,57202,2761522
107525,20130701,C,0,MSFT,29675,1691596
107525,20130701,P,0,MSFT,27527,1069926
107525,20130702,,0,MSFT,102021,2781117
107525,20130702,C,0,MSFT,47619,1696693
107525,20130702,P,0,MSFT,54402,1084424
107525,20130703,,0,MSFT,34540,2837139
107525,20130703,C,0,MSFT,22082,1717179
107525,20130703,P,0,MSFT,12458,1119960
107525,20130705,,0,MSFT,66603,2842028
107525,20130705,C,0,MSFT,28384,1722627
107525,20130705,P,0,MSFT,38219,1119401
107525,20130708,,0,MSFT,75684,2824430
107525,20130708,C,0,MSFT,37720,1718135
107525,20130708,P,0,MSFT,37964,1106295
107525,20130709,,0,MSFT,69685,2835798
107525,20130709,C,0,MSFT,42181,1719559
107525,20130709,P,0,MSFT,27504,1116239
107525,20130710,,0,MSFT,111901,2869296
107525,20130710,C,0,MSFT,80089,1733872
107525,20130710,P,0,MSFT,31812,1135424
107525,20130711,,0,MSFT,209470,2911711
107525,20130711,C,0,MSFT,140461,1757849
107525,20130711,P,0,MSFT,69009,1153862
107525,20130712,,0,MSFT,120337,2935604
107525,20130712,C,0,MSFT,46002,1757732
107525,20130712,P,0,MSFT,74335,1177872
107525,20130715,,0,MSFT,162833,2918081
107525,20130715,C,0,MSFT,89594,1741563
107525,20130715,P,0,MSFT,73239,1176518
107525,20130716,,0,MSFT,128833,2953202
107525,20130716,C,0,MSFT,74340,1760643
107525,20130716,P,0,MSFT,54493,1192559
107525,20130717,,0,MSFT,124436,2990672
107525,20130717,C,0,MSFT,67597,1772259
107525,20130717,P,0,MSFT,56839,1218413
107525,20130718,,0,MSFT,227585,2975881
107525,20130718,C,0,MSFT,98127,1758154
107525,20130718,P,0,MSFT,129458,1217727
107525,20130719,,0,MSFT,1037348,3032441
107525,20130719,C,0,MSFT,597111,1770133
107525,20130719,P,0,MSFT,440237,1262308
107525,20130722,,0,MSFT,375452,2457004
107525,20130722,C,0,MSFT,267979,1543456
107525,20130722,P,0,MSFT,107473,913548
107525,20130723,,0,MSFT,131930,2529575
107525,20130723,C,0,MSFT,71544,1596581
107525,20130723,P,0,MSFT,60386,932994
107525,20130724,,0,MSFT,73508,2557282
107525,20130724,C,0,MSFT,49399,1608911
107525,20130724,P,0,MSFT,24109,948371
107525,20130725,,0,MSFT,158369,2584196
107525,20130725,C,0,MSFT,90280,1627569
107525,20130725,P,0,MSFT,68089,956627
107525,20130726,,0,MSFT,140386,2633431
107525,20130726,C,0,MSFT,89227,1650900
107525,20130726,P,0,MSFT,51159,982531
107525,20130729,,0,MSFT,97873,2617723
107525,20130729,C,0,MSFT,59997,1637825
107525,20130729,P,0,MSFT,37876,979898
107525,20130730,,0,MSFT,121115,2674880
107525,20130730,C,0,MSFT,89746,1670160
107525,20130730,P,0,MSFT,31369,1004720
107525,20130731,,0,MSFT,77510,2730217
107525,20130731,C,0,MSFT,46228,1709155
107525,20130731,P,0,MSFT,31282,1021062
107525,20130801,,0,MSFT,107906,2763679
107525,20130801,C,0,MSFT,69699,1728182
107525,20130801,P,0,MSFT,38207,1035497
107525,20130802,,0,MSFT,63695,2800351
107525,20130802,C,0,MSFT,44001,1751007
107525,20130802,P,0,MSFT,19694,1049344
107525,20130805,,0,MSFT,39096,2786333
107525,20130805,C,0,MSFT,23087,1747385
107525,20130805,P,0,MSFT,16009,1038948
107525,20130806,,0,MSFT,96679,2805609
107525,20130806,C,0,MSFT,55717,1759790
107525,20130806,P,0,MSFT,40962,1045819
107525,20130807,,0,MSFT,313537,2859768
107525,20130807,C,0,MSFT,262772,1788059
107525,20130807,P,0,MSFT,50765,1071709
107525,20130808,,0,MSFT,690566,3024588
107525,20130808,C,0,MSFT,596653,1939312
107525,20130808,P,0,MSFT,93913,1085276
107525,20130809,,0,MSFT,131526,3323974
107525,20130809,C,0,MSFT,90432,2209065
107525,20130809,P,0,MSFT,41094,1114909
107525,20130812,,0,MSFT,843775,3307192
107525,20130812,C,0,MSFT,804086,2204300
107525,20130812,P,0,MSFT,39689,1102892
107525,20130813,,0,MSFT,169948,3247104
107525,20130813,C,0,MSFT,123540,2126068
107525,20130813,P,0,MSFT,46408,1121036
107525,20130814,,0,MSFT,241863,3312161
107525,20130814,C,0,MSFT,170469,2184142
107525,20130814,P,0,MSFT,71394,1128019
107525,20130815,,0,MSFT,339806,3430447
107525,20130815,C,0,MSFT,228160,2265499
107525,20130815,P,0,MSFT,111646,1164948
107525,20130816,,0,MSFT,277938,3613862
107525,20130816,C,0,MSFT,221930,2377063
107525,20130816,P,0,MSFT,56008,1236799
107525,20130819,,0,MSFT,184636,3360203
107525,20130819,C,0,MSFT,152794,2250439
107525,20130819,P,0,MSFT,31842,1109764
107525,20130820,,0,MSFT,81182,3436666
107525,20130820,C,0,MSFT,65805,2308705
107525,20130820,P,0,MSFT,15377,1127961
107525,20130821,,0,MSFT,137688,3450839
107525,20130821,C,0,MSFT,106629,2314654
107525,20130821,P,0,MSFT,31059,1136185
107525,20130822,,0,MSFT,125731,3497409
107525,20130822,C,0,MSFT,88267,2348475
107525,20130822,P,0,MSFT,37464,1148934
107525,20130823,,0,MSFT,1055202,3529287
107525,20130823,C,0,MSFT,644927,2372024
107525,20130823,P,0,MSFT,410275,1157263
107525,20130826,,0,MSFT,325842,3692182
107525,20130826,C,0,MSFT,154716,2416965
107525,20130826,P,0,MSFT,171126,1275217
107525,20130827,,0,MSFT,236416,3790776
107525,20130827,C,0,MSFT,114135,2452526
107525,20130827,P,0,MSFT,122281,1338250
107525,20130828,,0,MSFT,113385,3825526
107525,20130828,C,0,MSFT,64562,2459893
107525,20130828,P,0,MSFT,48823,1365633
107525,20130829,,0,MSFT,164747,3856233
107525,20130829,C,0,MSFT,103726,2487550
107525,20130829,P,0,MSFT,61021,1368683
107525,20130830,,0,MSFT,100222,3931577
107525,20130830,C,0,MSFT,55457,2536871
107525,20130830,P,0,MSFT,44765,1394706
